contact_id,account_id,full_name,title,email,phone
CON00001,ACC0001,Michael Thomas,Purchasing Officer,michael.thomas@example.com,851.879.7908x695
CON00002,ACC0001,Samuel Wilkins,Owner,samuel.wilkins@example.com,(821)328-7269x8492
CON00003,ACC0002,Antonio Mcmahon,Purchasing Officer,antonio.mcmahon@example.com,(344)918-9190
CON00004,ACC0003,Stephanie Rivera,Fleet Manager,stephanie.rivera@example.com,372.621.5094x52918
CON00005,ACC0004,Richard Moses DDS,Owner,richard.moses.dds@example.com,6763915212
CON00006,ACC0004,Jessica Matthews,Purchasing Officer,jessica.matthews@example.com,(901)612-0518
CON00007,ACC0004,Michele Anthony,General Manager,michele.anthony@example.com,(710)813-6396x4996
CON00008,ACC0005,Cody Thompson,General Manager,cody.thompson@example.com,803.543.5336
CON00009,ACC0006,Jonathan Davis,Owner,jonathan.davis@example.com,6895888195
CON00010,ACC0006,Phillip Moore,Fleet Manager,phillip.moore@example.com,8133199636
CON00011,ACC0006,James Murphy,Fleet Manager,james.murphy@example.com,982-689-2333x014
CON00012,ACC0007,Rebecca Olson,Purchasing Officer,rebecca.olson@example.com,625-930-3724x97477
CON00013,ACC0007,Lisa Cummings,Owner,lisa.cummings@example.com,291.639.2901x13339
CON00014,ACC0008,Zachary Barnes,General Manager,zachary.barnes@example.com,757-774-7215
CON00015,ACC0009,Richard Wolfe,General Manager,richard.wolfe@example.com,654.233.7254x639
CON00016,ACC0009,Elizabeth Anderson,Fleet Manager,elizabeth.anderson@example.com,(832)429-8347
CON00017,ACC0010,Sandra Rodriguez PhD,Operations Manager,sandra.rodriguez.phd@example.com,(221)864-8412x986
CON00018,ACC0011,Lynn Hoffman,General Manager,lynn.hoffman@example.com,+1-910-377-1413
CON00019,ACC0012,Kimberly Mendoza,Owner,kimberly.mendoza@example.com,(750)414-5018
CON00020,ACC0012,Herbert Nguyen,Procurement Manager,herbert.nguyen@example.com,567-500-1313
CON00021,ACC0013,James English,Fleet Manager,james.english@example.com,840-419-8344
CON00022,ACC0013,Lori Morris,Purchasing Officer,lori.morris@example.com,001-866-957-5937
CON00023,ACC0014,Kelly Fuentes,Procurement Manager,kelly.fuentes@example.com,609.821.1717x110
CON00024,ACC0014,Phillip Smith,General Manager,phillip.smith@example.com,551-361-2089x11601
CON00025,ACC0014,Tammy Patrick,Owner,tammy.patrick@example.com,9593554680
CON00026,ACC0015,Adam Smith,Owner,adam.smith@example.com,648-740-5740x164
CON00027,ACC0015,Andrew Singh,Owner,andrew.singh@example.com,+1-916-755-9741
CON00028,ACC0016,Chelsea Rodriguez,General Manager,chelsea.rodriguez@example.com,(367)923-9447x61554
CON00029,ACC0016,Stephanie Oconnor,General Manager,stephanie.oconnor@example.com,001-966-800-0243x59528
CON00030,ACC0016,Debra Schultz,Purchasing Officer,debra.schultz@example.com,+1-654-490-9820
CON00031,ACC0017,Barbara Choi,General Manager,barbara.choi@example.com,342-830-1442x97802
CON00032,ACC0017,Mike Harper,General Manager,mike.harper@example.com,951.859.7517x91122
CON00033,ACC0017,Devon Foster,General Manager,devon.foster@example.com,+1-379-999-5590x2325
CON00034,ACC0018,Alexis Cook,Procurement Manager,alexis.cook@example.com,782-533-6898x6533
CON00035,ACC0019,Bradley Flores Jr.,Procurement Manager,bradley.flores.jr.@example.com,251.760.0453x4069
CON00036,ACC0019,Amy Wells,General Manager,amy.wells@example.com,532-309-6518
CON00037,ACC0020,Rhonda Chavez,Procurement Manager,rhonda.chavez@example.com,857.696.8551
CON00038,ACC0020,Terry Salazar,Procurement Manager,terry.salazar@example.com,391.790.3164x3672
CON00039,ACC0020,Carly Gibson,Procurement Manager,carly.gibson@example.com,+1-308-956-5276x2780
CON00040,ACC0021,Sandy Gutierrez,General Manager,sandy.gutierrez@example.com,001-748-874-2534x689
CON00041,ACC0021,Zachary Mitchell,Fleet Manager,zachary.mitchell@example.com,(825)287-7890x920
CON00042,ACC0022,Eric Rodriguez,Purchasing Officer,eric.rodriguez@example.com,(480)963-6782
CON00043,ACC0022,Ann Sanchez,Purchasing Officer,ann.sanchez@example.com,211-724-4748x075
CON00044,ACC0022,Calvin Cervantes,Procurement Manager,calvin.cervantes@example.com,001-519-734-9046x301
CON00045,ACC0023,Lisa Bryant,Owner,lisa.bryant@example.com,845.804.1703x59346
CON00046,ACC0023,Eric Hayes,Procurement Manager,eric.hayes@example.com,(419)710-7653x36619
CON00047,ACC0023,Christopher Hall,Purchasing Officer,christopher.hall@example.com,660-390-7523
CON00048,ACC0024,Andrew James,Procurement Manager,andrew.james@example.com,(732)543-7004x710
CON00049,ACC0024,Tracy Garrison,Purchasing Officer,tracy.garrison@example.com,389-628-0848x18674
CON00050,ACC0025,Virginia Oneal,Operations Manager,virginia.oneal@example.com,(776)819-0702x774
CON00051,ACC0025,Jason Johnson,Purchasing Officer,jason.johnson@example.com,509.569.9010x2475
CON00052,ACC0026,Shawn Bailey,Fleet Manager,shawn.bailey@example.com,491-702-7562
CON00053,ACC0027,Amber Davis,Owner,amber.davis@example.com,001-259-881-1493x821
CON00054,ACC0027,Traci Carter,Fleet Manager,traci.carter@example.com,348-319-6620x09172
CON00055,ACC0028,Judy Davis,Fleet Manager,judy.davis@example.com,410.608.7204
CON00056,ACC0028,Erika Miller,Procurement Manager,erika.miller@example.com,384.782.8366
CON00057,ACC0029,William Perez,Purchasing Officer,william.perez@example.com,966-644-1127x501
CON00058,ACC0029,Shelley Gibson,Purchasing Officer,shelley.gibson@example.com,001-708-587-5058
CON00059,ACC0029,Brooke Roberts,Procurement Manager,brooke.roberts@example.com,001-780-955-4903x92096
CON00060,ACC0030,Alexis Davis,Purchasing Officer,alexis.davis@example.com,201.990.0827
CON00061,ACC0030,Timothy Johnson,Operations Manager,timothy.johnson@example.com,001-214-651-3074
CON00062,ACC0030,Elaine Jordan,Procurement Manager,elaine.jordan@example.com,655-462-7794x5719
CON00063,ACC0031,Nicholas Barrera,Purchasing Officer,nicholas.barrera@example.com,306-833-8822x6785
CON00064,ACC0032,Brian Beck,General Manager,brian.beck@example.com,001-972-841-7604x505
CON00065,ACC0033,Hannah Vaughan,Fleet Manager,hannah.vaughan@example.com,+1-937-796-8988x87694
CON00066,ACC0034,Jonathan Nichols,Procurement Manager,jonathan.nichols@example.com,9003451318
CON00067,ACC0034,Samantha Simpson,Fleet Manager,samantha.simpson@example.com,001-813-637-5757x7017
CON00068,ACC0035,Tiffany Mitchell,Fleet Manager,tiffany.mitchell@example.com,001-611-412-8076x09171
CON00069,ACC0036,Brenda Mitchell,Purchasing Officer,brenda.mitchell@example.com,(834)756-8328x325
CON00070,ACC0036,Amanda Macdonald,Purchasing Officer,amanda.macdonald@example.com,975-631-1363
CON00071,ACC0037,Paula Koch,Procurement Manager,paula.koch@example.com,987.992.5579x8007
CON00072,ACC0037,Jennifer Morton,Purchasing Officer,jennifer.morton@example.com,(656)201-7706x054
CON00073,ACC0037,Nathaniel Barber,Procurement Manager,nathaniel.barber@example.com,+1-822-234-9476x24696
CON00074,ACC0038,Bryan Mcgee,General Manager,bryan.mcgee@example.com,430.931.0558x4623
CON00075,ACC0039,Destiny Rogers,Owner,destiny.rogers@example.com,+1-799-371-8589
CON00076,ACC0039,Heidi Miller,General Manager,heidi.miller@example.com,001-743-585-8416
CON00077,ACC0040,Amber Edwards,Operations Manager,amber.edwards@example.com,(898)715-2497x403
CON00078,ACC0040,Amanda Bowman,Operations Manager,amanda.bowman@example.com,001-433-498-1897
CON00079,ACC0041,Michael Brown,Operations Manager,michael.brown@example.com,506.771.4606
CON00080,ACC0041,Heather Moody,Procurement Manager,heather.moody@example.com,+1-922-409-7391
CON00081,ACC0042,Joseph Hopkins,Owner,joseph.hopkins@example.com,+1-441-582-1190x0862
CON00082,ACC0042,Caroline Smith,Fleet Manager,caroline.smith@example.com,732-921-3776
CON00083,ACC0042,Jackie David,Procurement Manager,jackie.david@example.com,589-936-4208
CON00084,ACC0043,Megan Fowler,Procurement Manager,megan.fowler@example.com,001-282-265-6457
CON00085,ACC0044,Susan Chen,Fleet Manager,susan.chen@example.com,(993)367-9653x87516
CON00086,ACC0045,Sarah Salazar,General Manager,sarah.salazar@example.com,001-688-874-4741
CON00087,ACC0045,Dr. Lawrence Collins,Purchasing Officer,dr..lawrence.collins@example.com,491-723-0726
CON00088,ACC0046,Victoria Cabrera,Purchasing Officer,victoria.cabrera@example.com,001-436-651-4046x44966
CON00089,ACC0046,Brandon Holder,Operations Manager,brandon.holder@example.com,(947)743-3848x2279
CON00090,ACC0046,Kevin Dunn,General Manager,kevin.dunn@example.com,+1-819-436-5678x76348
CON00091,ACC0047,Desiree Parrish,Operations Manager,desiree.parrish@example.com,(772)395-8756
CON00092,ACC0047,Harry Novak,Operations Manager,harry.novak@example.com,001-991-587-3101x59436
CON00093,ACC0047,Mr. Mark Mccarty,Owner,mr..mark.mccarty@example.com,438.311.1634x401
CON00094,ACC0048,Stephanie Peterson,Procurement Manager,stephanie.peterson@example.com,(745)279-3810x0589
CON00095,ACC0049,Diana Blake,Purchasing Officer,diana.blake@example.com,+1-668-624-9723x798
CON00096,ACC0049,Jill Parks,Operations Manager,jill.parks@example.com,(278)860-2580x846
CON00097,ACC0049,Ryan Glass,General Manager,ryan.glass@example.com,001-684-941-7452
CON00098,ACC0050,William Hall,General Manager,william.hall@example.com,001-200-518-2999x659
CON00099,ACC0051,Justin Miller,Operations Manager,justin.miller@example.com,+1-670-483-2564x59225
CON00100,ACC0052,Jason Rivera,Purchasing Officer,jason.rivera@example.com,+1-500-713-0273x3350
CON00101,ACC0052,Christian Grimes,Owner,christian.grimes@example.com,+1-583-663-6801x25977
CON00102,ACC0053,Kevin Sanders,General Manager,kevin.sanders@example.com,(867)283-1686x89258
CON00103,ACC0053,Colleen Taylor,Operations Manager,colleen.taylor@example.com,822.539.7203
CON00104,ACC0053,Ronald Bryant,Owner,ronald.bryant@example.com,437.615.8097x0978
CON00105,ACC0054,Debra Mcdaniel,Procurement Manager,debra.mcdaniel@example.com,(504)865-6235
CON00106,ACC0054,Ryan Wiley,Owner,ryan.wiley@example.com,819.395.0583x229
CON00107,ACC0055,Brooke Hughes,Owner,brooke.hughes@example.com,(737)796-5291
CON00108,ACC0055,Jacqueline Thompson,General Manager,jacqueline.thompson@example.com,+1-575-692-1619
CON00109,ACC0055,Beth Torres,Owner,beth.torres@example.com,+1-749-619-3503
CON00110,ACC0056,Kenneth Lynch,General Manager,kenneth.lynch@example.com,(953)984-8173x1412
CON00111,ACC0056,Suzanne Bautista,Fleet Manager,suzanne.bautista@example.com,508-909-1978x93169
CON00112,ACC0056,Brett Delgado,Purchasing Officer,brett.delgado@example.com,(286)596-0487x0897
CON00113,ACC0057,Jessica Bell,Operations Manager,jessica.bell@example.com,001-273-421-2425
CON00114,ACC0057,Donna Alvarado,Owner,donna.alvarado@example.com,(402)970-9527x9861
CON00115,ACC0057,Kelly Perry,Purchasing Officer,kelly.perry@example.com,753-712-9275
CON00116,ACC0058,Jessica Roberts,Purchasing Officer,jessica.roberts@example.com,001-219-682-8525x544
CON00117,ACC0058,Douglas Cole,Purchasing Officer,douglas.cole@example.com,(310)409-0139x1990
CON00118,ACC0058,Samantha Silva,Operations Manager,samantha.silva@example.com,202-737-4780x54994
CON00119,ACC0059,Ian Davis,Operations Manager,ian.davis@example.com,001-522-525-8047x378
CON00120,ACC0059,Vanessa Brown,Purchasing Officer,vanessa.brown@example.com,939.673.6106x64658
CON00121,ACC0059,Kevin Brewer,Fleet Manager,kevin.brewer@example.com,(627)804-7881
CON00122,ACC0060,Kevin Patterson,General Manager,kevin.patterson@example.com,747-494-6605
CON00123,ACC0061,Michael Hayes,Fleet Manager,michael.hayes@example.com,244-647-8475x6612
CON00124,ACC0061,Faith Rosario,Owner,faith.rosario@example.com,3745112584
CON00125,ACC0061,Joseph Baxter,Purchasing Officer,joseph.baxter@example.com,+1-375-528-6590x743
CON00126,ACC0062,Carlos Davis,Owner,carlos.davis@example.com,322.492.1225x5183
CON00127,ACC0062,Matthew Stafford,Operations Manager,matthew.stafford@example.com,001-698-678-7156
CON00128,ACC0063,Jennifer Weeks,General Manager,jennifer.weeks@example.com,+1-913-344-6416x1143
CON00129,ACC0064,Mrs. Kimberly Mueller,Fleet Manager,mrs..kimberly.mueller@example.com,+1-571-305-7706
CON00130,ACC0064,Amanda Benton,Operations Manager,amanda.benton@example.com,435-406-6861x8546
CON00131,ACC0064,Steve Bennett,Purchasing Officer,steve.bennett@example.com,+1-955-642-2001x64125
CON00132,ACC0065,Jason Vargas,Purchasing Officer,jason.vargas@example.com,719-932-4282
CON00133,ACC0066,Dana Briggs,Purchasing Officer,dana.briggs@example.com,(990)946-5022x393
CON00134,ACC0066,Timothy Hess,Operations Manager,timothy.hess@example.com,(203)985-5670x73677
CON00135,ACC0066,Christopher Smith,General Manager,christopher.smith@example.com,(416)903-8527x27159
CON00136,ACC0067,Mathew Cuevas,Owner,mathew.cuevas@example.com,+1-246-519-5543
CON00137,ACC0067,Mrs. Jennifer Silva,General Manager,mrs..jennifer.silva@example.com,+1-513-919-7985x4940
CON00138,ACC0068,Stephanie Williams,General Manager,stephanie.williams@example.com,894.332.6487x156
CON00139,ACC0068,Nicole Stewart,Operations Manager,nicole.stewart@example.com,(551)223-4833
CON00140,ACC0068,Miranda Li,Fleet Manager,miranda.li@example.com,795-943-2308
CON00141,ACC0069,Jessica Joseph,Operations Manager,jessica.joseph@example.com,+1-746-746-8483x8227
CON00142,ACC0069,Amy Gregory,Owner,amy.gregory@example.com,9993722017
CON00143,ACC0070,Raymond Hoffman,Operations Manager,raymond.hoffman@example.com,485.540.0076
