order_id,order_source,account_id,product_id,order_date,quantity,unit_price_irr,revenue_irr
ORD000033,Repeat,ACC0006,P006,2024-01-03,14,1387669,19427374
ORD000134,Repeat,ACC0023,P007,2024-01-04,19,1933363,36733900
ORD000209,Repeat,ACC0035,P007,2024-01-04,20,1961176,39223535
ORD000305,Repeat,ACC0047,P012,2024-01-06,10,3220927,32209274
ORD000399,Repeat,ACC0063,P011,2024-01-06,55,9770297,537366381
ORD000394,Repeat,ACC0062,P012,2024-01-07,22,3118364,68604026
ORD000023,Repeat,ACC0004,P007,2024-01-07,15,1870638,28059580
ORD000249,Repeat,ACC0039,P002,2024-01-08,16,5180360,82885765
ORD000334,Repeat,ACC0050,P005,2024-01-09,12,8735002,104820032
ORD000282,Repeat,ACC0043,P004,2024-01-09,44,7460647,328268506
ORD000250,Repeat,ACC0039,P002,2024-01-10,27,4986634,134639120
ORD000403,Repeat,ACC0065,P004,2024-01-15,35,7126113,249413967
ORD000195,Repeat,ACC0033,P002,2024-01-15,27,5174555,139712985
ORD000109,Repeat,ACC0019,P005,2024-01-16,15,8249474,123742121
ORD000216,Repeat,ACC0036,P006,2024-01-16,57,1427477,81366225
ORD000441,Repeat,ACC0070,P008,2024-01-17,17,2410613,40980427
ORD000400,Repeat,ACC0063,P014,2024-01-18,155,12269880,1901831507
ORD000816,CRM Won,ACC0035,P008,2024-01-18,21,2100850,44117844
ORD000196,Repeat,ACC0033,P007,2024-01-20,22,1982630,43617878
ORD000363,Repeat,ACC0058,P004,2024-01-21,21,7270436,152679170
ORD000315,Repeat,ACC0048,P014,2024-01-22,23,12729587,292780505
ORD000335,Repeat,ACC0050,P007,2024-01-24,11,1938985,21328839
ORD000425,Repeat,ACC0067,P006,2024-01-24,27,1459182,39397938
ORD000024,Repeat,ACC0004,P012,2024-01-24,19,3052741,58002082
ORD000148,Repeat,ACC0025,P012,2024-01-24,116,3258867,378028620
ORD000034,Repeat,ACC0006,P004,2024-01-24,44,7044226,309945945
ORD000078,Repeat,ACC0015,P010,2024-01-24,26,2935071,76311863
ORD000260,Repeat,ACC0040,P005,2024-01-28,13,8221838,106883894
ORD000187,Repeat,ACC0032,P013,2024-01-29,28,9160764,256501412
ORD000306,Repeat,ACC0047,P004,2024-01-29,18,7214335,129858041
ORD000275,Repeat,ACC0042,P002,2024-01-31,7,5081706,35571944
ORD000089,Repeat,ACC0016,P011,2024-02-01,6,9974000,59844002
ORD000102,Repeat,ACC0018,P003,2024-02-05,8,5685402,45483221
ORD000307,Repeat,ACC0047,P009,2024-02-05,12,1583526,19002319
ORD000060,Repeat,ACC0011,P011,2024-02-05,95,9840650,934861752
ORD000404,Repeat,ACC0065,P004,2024-02-07,13,7272108,94537404
ORD000364,Repeat,ACC0058,P006,2024-02-07,19,1391033,26429632
ORD000173,Repeat,ACC0029,P010,2024-02-07,275,2884892,793345443
ORD000301,Repeat,ACC0046,P003,2024-02-08,37,5920817,219070247
ORD000298,Repeat,ACC0045,P004,2024-02-08,102,7538158,768892130
ORD000698,CRM Won,ACC0048,P009,2024-02-10,46,1654426,76103616
ORD000817,CRM Won,ACC0006,P001,2024-02-10,15,4465629,66984429
ORD000121,Repeat,ACC0021,P014,2024-02-11,6,12443862,74663173
ORD000127,Repeat,ACC0022,P013,2024-02-12,15,9178059,137670892
ORD000188,Repeat,ACC0032,P013,2024-02-14,26,9433321,245266352
ORD000747,CRM Won,ACC0053,P011,2024-02-16,35,11042471,386486472
ORD000453,CRM Won,ACC0009,P017,2024-02-17,64,10549373,675159857
ORD000567,CRM Won,ACC0042,P008,2024-02-18,6,2303044,13818263
ORD000238,Repeat,ACC0038,P006,2024-02-19,20,1463972,29279459
ORD000405,Repeat,ACC0065,P004,2024-02-19,29,7536642,218562643
ORD000128,Repeat,ACC0022,P013,2024-02-19,18,9467324,170411840
ORD000268,Repeat,ACC0041,P007,2024-02-20,17,1908146,32438493
ORD000734,CRM Won,ACC0070,P007,2024-02-22,11,1942855,21371408
ORD000129,Repeat,ACC0022,P008,2024-02-24,19,2308446,43860484
ORD000637,CRM Won,ACC0001,P007,2024-02-25,33,1859699,61370082
ORD000786,CRM Won,ACC0021,P007,2024-02-26,93,1960837,182357800
ORD000289,Repeat,ACC0044,P005,2024-02-27,68,8767001,596156106
ORD000276,Repeat,ACC0042,P014,2024-02-27,5,12509642,62548213
ORD000660,CRM Won,ACC0017,P010,2024-02-28,22,2877901,63313828
ORD000277,Repeat,ACC0042,P014,2024-02-28,8,11903410,95227283
ORD000646,CRM Won,ACC0010,P014,2024-03-02,14,13202461,184834453
ORD000696,CRM Won,ACC0018,P014,2024-03-02,81,12337880,999368265
ORD000067,Repeat,ACC0013,P012,2024-03-02,20,3229133,64582668
ORD000144,Repeat,ACC0024,P001,2024-03-05,183,4047409,740675945
ORD000316,Repeat,ACC0048,P003,2024-03-06,14,6016034,84224488
ORD000135,Repeat,ACC0023,P012,2024-03-07,10,3261930,32619300
ORD000154,Repeat,ACC0026,P009,2024-03-07,11,1623259,17855854
ORD000170,Repeat,ACC0028,P011,2024-03-11,102,10041821,1024265822
ORD000317,Repeat,ACC0048,P009,2024-03-11,16,1685737,26971805
ORD000205,Repeat,ACC0034,P001,2024-03-13,47,4185237,196706146
ORD000343,Repeat,ACC0053,P010,2024-03-13,30,2903782,87113466
ORD000560,CRM Won,ACC0019,P017,2024-03-13,68,12035971,818446009
ORD000802,CRM Won,ACC0040,P014,2024-03-17,32,13000821,416026272
ORD000465,CRM Won,ACC0018,P004,2024-03-18,53,7417545,393129882
ORD000412,Repeat,ACC0066,P012,2024-03-18,7,3166839,22167879
ORD000515,CRM Won,ACC0012,P004,2024-03-18,35,7878815,275758533
ORD000290,Repeat,ACC0044,P011,2024-03-21,27,9436185,254776999
ORD000095,Repeat,ACC0017,P013,2024-03-22,26,9017299,234449787
ORD000600,CRM Won,ACC0062,P013,2024-03-23,19,9016681,171316947
ORD000325,Repeat,ACC0049,P014,2024-03-24,8,11936668,95493344
ORD000524,CRM Won,ACC0049,P012,2024-03-24,39,2874405,112101778
ORD000308,Repeat,ACC0047,P009,2024-03-25,15,1632214,24483214
ORD000641,CRM Won,ACC0044,P004,2024-03-26,124,7203597,893246067
ORD000230,Repeat,ACC0037,P002,2024-03-28,35,4976413,174174484
ORD000352,Repeat,ACC0054,P006,2024-03-30,25,1398527,34963198
ORD000326,Repeat,ACC0049,P015,2024-03-30,24,17697023,424728560
ORD000545,CRM Won,ACC0016,P010,2024-04-01,51,2997608,152878028
ORD000040,Repeat,ACC0007,P001,2024-04-03,65,4003821,260248373
ORD000828,CRM Won,ACC0027,P014,2024-04-07,42,13896100,583636216
ORD000269,Repeat,ACC0041,P008,2024-04-09,24,2281537,54756902
ORD000145,Repeat,ACC0024,P017,2024-04-09,173,11145284,1928134293
ORD000373,Repeat,ACC0059,P003,2024-04-13,10,6034939,60349396
ORD000435,Repeat,ACC0069,P016,2024-04-18,56,9606979,537990875
ORD000779,CRM Won,ACC0026,P001,2024-04-18,80,4443324,355465913
ORD000533,CRM Won,ACC0027,P010,2024-04-19,5,3044350,15221749
ORD000355,Repeat,ACC0056,P012,2024-04-23,13,3249193,42239513
ORD000758,CRM Won,ACC0038,P007,2024-04-27,51,1871800,95461786
ORD000805,CRM Won,ACC0003,P007,2024-04-29,92,2043778,188027545
ORD000206,Repeat,ACC0034,P001,2024-04-30,73,4107543,299850683
ORD000693,CRM Won,ACC0008,P009,2024-05-01,8,1566153,12529221
ORD000793,CRM Won,ACC0018,P015,2024-05-01,37,16447404,608553930
ORD000017,Repeat,ACC0003,P004,2024-05-02,17,7098573,120675749
ORD000054,Repeat,ACC0010,P012,2024-05-04,10,3223454,32234546
ORD000813,CRM Won,ACC0005,P014,2024-05-05,53,13898945,736644107
ORD000665,CRM Won,ACC0038,P016,2024-05-05,11,9757013,107327138
ORD000090,Repeat,ACC0016,P011,2024-05-06,7,9918211,69427478
ORD000018,Repeat,ACC0003,P016,2024-05-07,16,9836792,157388681
ORD000217,Repeat,ACC0036,P006,2024-05-08,30,1470046,44101408
ORD000753,CRM Won,ACC0041,P012,2024-05-09,9,3453574,31082165
ORD000587,CRM Won,ACC0018,P015,2024-05-09,18,17653225,317758043
ORD000068,Repeat,ACC0013,P002,2024-05-10,27,4954397,133768732
ORD000726,CRM Won,ACC0040,P015,2024-05-11,33,18859525,622364322
ORD000498,CRM Won,ACC0041,P011,2024-05-12,18,10285504,185139064
ORD000155,Repeat,ACC0026,P001,2024-05-13,28,4103783,114905950
ORD000745,CRM Won,ACC0037,P007,2024-05-13,20,1931621,38632417
ORD000635,CRM Won,ACC0056,P011,2024-05-15,46,8992573,413658356
ORD000572,CRM Won,ACC0046,P001,2024-05-15,20,4372107,87442132
ORD000365,Repeat,ACC0058,P006,2024-05-16,35,1386071,48512507
ORD000390,Repeat,ACC0061,P002,2024-05-16,11,4984068,54824757
ORD000694,CRM Won,ACC0052,P012,2024-05-16,63,3163143,199277989
ORD000485,CRM Won,ACC0070,P002,2024-05-16,47,5393248,253482638
ORD000115,Repeat,ACC0020,P007,2024-05-17,20,2006150,40123017
ORD000710,CRM Won,ACC0068,P002,2024-05-17,36,4639050,167005815
ORD000514,CRM Won,ACC0056,P006,2024-05-17,9,1433523,12901709
ORD000158,Repeat,ACC0027,P011,2024-05-17,32,9580659,306581118
ORD000278,Repeat,ACC0042,P002,2024-05-18,14,5131809,71845333
ORD000001,Repeat,ACC0001,P005,2024-05-18,54,8693704,469460059
ORD000270,Repeat,ACC0041,P007,2024-05-19,22,1916893,42171658
ORD000681,CRM Won,ACC0035,P010,2024-05-23,12,2945405,35344855
ORD000474,CRM Won,ACC0004,P012,2024-05-24,23,3060444,70390223
ORD000544,CRM Won,ACC0002,P011,2024-05-25,30,9634005,289020162
ORD000462,CRM Won,ACC0040,P011,2024-05-25,12,8711009,104532103
ORD000337,Repeat,ACC0051,P002,2024-05-26,121,4972654,601691219
ORD000309,Repeat,ACC0047,P012,2024-05-27,6,3101026,18606156
ORD000712,CRM Won,ACC0033,P003,2024-05-27,16,5471533,87544529
ORD000189,Repeat,ACC0032,P013,2024-05-27,16,9149737,146395807
ORD000079,Repeat,ACC0015,P010,2024-05-28,23,2907116,66863686
ORD000318,Repeat,ACC0048,P009,2024-05-28,64,1665604,106598707
ORD000746,CRM Won,ACC0050,P003,2024-05-29,7,5492233,38445630
ORD000704,CRM Won,ACC0004,P007,2024-05-29,42,1750255,73510700
ORD000340,Repeat,ACC0052,P005,2024-05-31,62,8224823,509939059
ORD000413,Repeat,ACC0066,P004,2024-06-03,31,7296668,226196722
ORD000801,CRM Won,ACC0023,P017,2024-06-05,51,12547299,639912248
ORD000174,Repeat,ACC0029,P003,2024-06-06,20,5900119,118002388
ORD000618,CRM Won,ACC0039,P007,2024-06-08,16,1962666,31402655
ORD000725,CRM Won,ACC0018,P003,2024-06-09,12,6189506,74274075
ORD000010,Repeat,ACC0002,P009,2024-06-09,16,1594150,25506413
ORD000319,Repeat,ACC0048,P014,2024-06-11,60,12797393,767843582
ORD000426,Repeat,ACC0067,P006,2024-06-11,11,1377951,15157464
ORD000436,Repeat,ACC0069,P016,2024-06-13,85,10338947,878810515
ORD000011,Repeat,ACC0002,P009,2024-06-13,23,1692268,38922175
ORD000002,Repeat,ACC0001,P005,2024-06-13,9,8376413,75387719
ORD000785,CRM Won,ACC0032,P010,2024-06-14,27,2735660,73862823
ORD000103,Repeat,ACC0018,P003,2024-06-15,18,6026736,108481264
ORD000756,CRM Won,ACC0019,P001,2024-06-15,29,3965820,115008786
ORD000619,CRM Won,ACC0017,P002,2024-06-16,116,5222242,605780119
ORD000149,Repeat,ACC0025,P012,2024-06-16,101,3266356,329902045
ORD000116,Repeat,ACC0020,P016,2024-06-17,9,10169092,91521832
ORD000414,Repeat,ACC0066,P012,2024-06-19,10,3149081,31490819
ORD000689,CRM Won,ACC0014,P008,2024-06-20,24,2295649,55095580
ORD000604,CRM Won,ACC0011,P011,2024-06-21,3,9758708,29276125
ORD000825,CRM Won,ACC0067,P014,2024-06-22,112,12879838,1442541886
ORD000406,Repeat,ACC0065,P015,2024-06-22,26,17762566,461826733
ORD000415,Repeat,ACC0066,P012,2024-06-23,10,3270370,32703706
ORD000768,CRM Won,ACC0030,P010,2024-06-23,30,3036097,91082915
ORD000091,Repeat,ACC0016,P012,2024-06-23,15,3062312,45934691
ORD000442,Repeat,ACC0070,P016,2024-06-23,21,10381232,218005883
ORD000484,CRM Won,ACC0049,P001,2024-06-23,8,4130551,33044411
ORD000218,Repeat,ACC0036,P010,2024-06-24,34,2964794,100803001
ORD000055,Repeat,ACC0010,P014,2024-06-24,15,12833515,192502725
ORD000027,Repeat,ACC0005,P008,2024-06-24,11,2278409,25062505
ORD000050,Repeat,ACC0009,P003,2024-06-25,25,5747801,143695042
ORD000080,Repeat,ACC0015,P015,2024-06-25,10,17683416,176834164
ORD000624,CRM Won,ACC0040,P001,2024-06-26,31,4446230,137833118
ORD000736,CRM Won,ACC0035,P011,2024-06-26,66,10123485,668150027
ORD000395,Repeat,ACC0062,P002,2024-06-26,9,5181195,46630757
ORD000632,CRM Won,ACC0023,P006,2024-06-28,21,1398846,29375769
ORD000789,CRM Won,ACC0053,P001,2024-06-28,11,4148153,45629681
ORD000673,CRM Won,ACC0043,P013,2024-06-30,13,8779747,114136709
ORD000595,CRM Won,ACC0044,P016,2024-06-30,8,10253837,82030697
ORD000682,CRM Won,ACC0033,P017,2024-06-30,16,12636830,202189282
ORD000035,Repeat,ACC0006,P004,2024-07-02,13,7442859,96757167
ORD000396,Repeat,ACC0062,P012,2024-07-03,40,3205750,128230016
ORD000554,CRM Won,ACC0062,P015,2024-07-04,6,16628094,99768564
ORD000081,Repeat,ACC0015,P015,2024-07-05,12,18947660,227371924
ORD000492,CRM Won,ACC0036,P002,2024-07-06,192,4931711,946888488
ORD000327,Repeat,ACC0049,P005,2024-07-08,8,8699326,69594614
ORD000341,Repeat,ACC0052,P008,2024-07-08,49,2383779,116805191
ORD000518,CRM Won,ACC0021,P010,2024-07-09,16,3320896,53134329
ORD000003,Repeat,ACC0001,P005,2024-07-11,94,8552126,803899899
ORD000469,CRM Won,ACC0037,P015,2024-07-11,8,18029915,144239319
ORD000728,CRM Won,ACC0018,P014,2024-07-11,112,12205824,1367052335
ORD000778,CRM Won,ACC0003,P006,2024-07-14,42,1509429,63396038
ORD000576,CRM Won,ACC0052,P011,2024-07-14,36,9648207,347335460
ORD000506,CRM Won,ACC0009,P008,2024-07-16,25,2150756,53768894
ORD000150,Repeat,ACC0025,P003,2024-07-16,201,5939245,1193788432
ORD000012,Repeat,ACC0002,P009,2024-07-17,27,1627400,43939816
ORD000096,Repeat,ACC0017,P012,2024-07-18,21,3145901,66063922
ORD000004,Repeat,ACC0001,P009,2024-07-22,39,1622222,63266660
ORD000653,CRM Won,ACC0038,P008,2024-07-24,8,2345273,18762182
ORD000175,Repeat,ACC0029,P010,2024-07-24,45,2937191,132173622
ORD000611,CRM Won,ACC0070,P012,2024-07-25,4,2994198,11976792
ORD000092,Repeat,ACC0016,P012,2024-07-27,13,3234758,42051856
ORD000561,CRM Won,ACC0025,P003,2024-07-27,38,5820829,221191505
ORD000251,Repeat,ACC0039,P007,2024-07-28,10,1986511,19865117
ORD000070,Repeat,ACC0014,P010,2024-07-28,6,3003710,18022262
ORD000716,CRM Won,ACC0020,P002,2024-07-28,7,4929069,34503486
ORD000427,Repeat,ACC0067,P006,2024-07-29,55,1492430,82083670
ORD000738,CRM Won,ACC0016,P015,2024-07-30,39,18850975,735188012
ORD000703,CRM Won,ACC0016,P015,2024-07-31,22,18121022,398662483
ORD000702,CRM Won,ACC0020,P017,2024-07-31,7,11745691,82219839
ORD000416,Repeat,ACC0066,P012,2024-07-31,11,3188295,35071251
ORD000553,CRM Won,ACC0030,P007,2024-08-01,39,2012727,78496341
ORD000550,CRM Won,ACC0033,P015,2024-08-01,59,18240243,1076174358
ORD000537,CRM Won,ACC0050,P017,2024-08-02,55,11344999,623974921
ORD000569,CRM Won,ACC0051,P005,2024-08-02,9,8365777,75291994
ORD000136,Repeat,ACC0023,P014,2024-08-04,51,12204872,622448486
ORD000526,CRM Won,ACC0010,P007,2024-08-05,12,1981249,23774993
ORD000528,CRM Won,ACC0007,P014,2024-08-06,39,12552595,489551214
ORD000810,CRM Won,ACC0028,P014,2024-08-08,50,11025830,551291522
ORD000794,CRM Won,ACC0001,P009,2024-08-09,37,1443112,53395157
ORD000455,CRM Won,ACC0001,P008,2024-08-10,15,2432923,36493850
ORD000219,Repeat,ACC0036,P006,2024-08-10,20,1439129,28782587
ORD000159,Repeat,ACC0027,P012,2024-08-10,47,3147685,147941217
ORD000740,CRM Won,ACC0016,P013,2024-08-11,40,8883950,355358011
ORD000558,CRM Won,ACC0056,P004,2024-08-13,38,8282185,314723031
ORD000366,Repeat,ACC0058,P014,2024-08-17,32,12527592,400882961
ORD000551,CRM Won,ACC0022,P011,2024-08-17,23,11060280,254386450
ORD000019,Repeat,ACC0003,P014,2024-08-18,19,12718004,241642083
ORD000684,CRM Won,ACC0065,P003,2024-08-18,20,6223948,124478970
ORD000493,CRM Won,ACC0018,P001,2024-08-19,10,3993332,39933324
ORD000741,CRM Won,ACC0030,P004,2024-08-21,49,7497812,367392769
ORD000815,CRM Won,ACC0051,P015,2024-08-22,9,18781214,169030928
ORD000577,CRM Won,ACC0051,P004,2024-08-22,6,6900590,41403543
ORD000291,Repeat,ACC0044,P011,2024-08-22,14,9434337,132080722
ORD000374,Repeat,ACC0059,P009,2024-08-23,34,1616088,54947020
ORD000466,CRM Won,ACC0032,P005,2024-08-23,7,8266089,57862625
ORD000727,CRM Won,ACC0039,P003,2024-08-23,11,6202082,68222897
ORD000160,Repeat,ACC0027,P012,2024-08-24,103,3123596,321730397
ORD000417,Repeat,ACC0066,P006,2024-08-27,22,1454133,31990931
ORD000523,CRM Won,ACC0044,P009,2024-08-28,25,1509006,37725142
ORD000744,CRM Won,ACC0003,P015,2024-08-29,46,17594802,809360889
ORD000481,CRM Won,ACC0008,P016,2024-08-29,17,10287562,174888549
ORD000344,Repeat,ACC0053,P008,2024-08-30,26,2249138,58477607
ORD000732,CRM Won,ACC0053,P008,2024-08-30,21,2392753,50247816
ORD000239,Repeat,ACC0038,P004,2024-08-31,25,7194006,179850174
ORD000231,Repeat,ACC0037,P007,2024-08-31,43,2008064,86346763
ORD000356,Repeat,ACC0056,P011,2024-08-31,24,9314312,223543508
ORD000210,Repeat,ACC0035,P003,2024-09-01,11,5756272,63318997
ORD000521,CRM Won,ACC0015,P010,2024-09-02,23,3137317,72158280
ORD000755,CRM Won,ACC0056,P003,2024-09-03,20,5803094,116061876
ORD000517,CRM Won,ACC0070,P013,2024-09-03,78,9443757,736613053
ORD000402,Repeat,ACC0064,P014,2024-09-03,109,12448067,1356839357
ORD000735,CRM Won,ACC0019,P010,2024-09-05,48,2911697,139761439
ORD000044,Repeat,ACC0008,P016,2024-09-07,29,10088066,292553938
ORD000629,CRM Won,ACC0065,P003,2024-09-08,22,6100258,134205665
ORD000525,CRM Won,ACC0039,P003,2024-09-08,26,6522827,169593503
ORD000437,Repeat,ACC0069,P006,2024-09-09,48,1446325,69423620
ORD000463,CRM Won,ACC0019,P012,2024-09-09,7,3222588,22558119
ORD000137,Repeat,ACC0023,P007,2024-09-10,18,1880926,33856685
ORD000428,Repeat,ACC0067,P014,2024-09-10,44,12621571,555349160
ORD000606,CRM Won,ACC0019,P007,2024-09-11,16,1754487,28071789
ORD000161,Repeat,ACC0027,P002,2024-09-11,52,5029865,261552985
ORD000353,Repeat,ACC0055,P009,2024-09-11,42,1663224,69855437
ORD000461,CRM Won,ACC0070,P015,2024-09-12,61,17805212,1086117913
ORD000781,CRM Won,ACC0059,P002,2024-09-12,54,5685820,307034292
ORD000621,CRM Won,ACC0042,P015,2024-09-13,20,19869359,397387173
ORD000661,CRM Won,ACC0038,P009,2024-09-16,30,1713515,51405439
ORD000283,Repeat,ACC0043,P002,2024-09-16,30,4973988,149219655
ORD000261,Repeat,ACC0040,P004,2024-09-17,32,7467841,238970940
ORD000418,Repeat,ACC0066,P004,2024-09-17,21,7123083,149584752
ORD000156,Repeat,ACC0026,P009,2024-09-18,10,1662862,16628624
ORD000122,Repeat,ACC0021,P014,2024-09-19,23,12242358,281574242
ORD000375,Repeat,ACC0059,P006,2024-09-19,21,1441924,30280405
ORD000777,CRM Won,ACC0029,P007,2024-09-20,5,1951031,9755154
ORD000328,Repeat,ACC0049,P014,2024-09-21,8,12744570,101956564
ORD000336,Repeat,ACC0050,P005,2024-09-21,13,8191986,106495825
ORD000320,Repeat,ACC0048,P014,2024-09-21,12,11935429,143225159
ORD000197,Repeat,ACC0033,P007,2024-09-22,38,1967147,74751590
ORD000071,Repeat,ACC0014,P010,2024-09-23,11,2890441,31794861
ORD000516,CRM Won,ACC0057,P015,2024-09-24,12,17705301,212463617
ORD000761,CRM Won,ACC0017,P016,2024-09-25,5,11613389,58066947
ORD000357,Repeat,ACC0056,P017,2024-09-27,6,11589522,69537137
ORD000593,CRM Won,ACC0070,P011,2024-09-30,6,10136593,60819558
ORD000663,CRM Won,ACC0013,P014,2024-10-01,8,12261370,98090957
ORD000568,CRM Won,ACC0056,P001,2024-10-01,34,4025651,136872120
ORD000345,Repeat,ACC0053,P008,2024-10-01,52,2241671,116566911
ORD000784,CRM Won,ACC0049,P008,2024-10-02,21,2156051,45277064
ORD000419,Repeat,ACC0066,P004,2024-10-02,18,7496076,134929375
ORD000717,CRM Won,ACC0032,P010,2024-10-02,63,3308573,208440079
ORD000041,Repeat,ACC0007,P013,2024-10-03,62,9257030,573935883
ORD000679,CRM Won,ACC0062,P002,2024-10-03,20,5031500,100630003
ORD000549,CRM Won,ACC0020,P011,2024-10-04,13,9454343,122906464
ORD000005,Repeat,ACC0001,P001,2024-10-04,14,4017844,56249827
ORD000358,Repeat,ACC0056,P017,2024-10-05,8,10994099,87952792
ORD000292,Repeat,ACC0044,P005,2024-10-05,49,8741225,428320060
ORD000473,CRM Won,ACC0004,P017,2024-10-07,25,11542960,288573995
ORD000028,Repeat,ACC0005,P008,2024-10-08,17,2243339,38136778
ORD000391,Repeat,ACC0061,P003,2024-10-09,15,5777043,86655645
ORD000811,CRM Won,ACC0029,P006,2024-10-10,93,1463178,136075597
ORD000770,CRM Won,ACC0022,P009,2024-10-11,29,1616012,46864340
ORD000433,Repeat,ACC0068,P008,2024-10-12,263,2305277,606288044
ORD000783,CRM Won,ACC0041,P003,2024-10-13,6,6142584,36855505
ORD000061,Repeat,ACC0011,P016,2024-10-13,367,9868163,3621616128
ORD000110,Repeat,ACC0019,P006,2024-10-13,25,1469583,36739583
ORD000240,Repeat,ACC0038,P003,2024-10-15,77,6048924,465767160
ORD000006,Repeat,ACC0001,P009,2024-10-19,21,1609803,33805870
ORD000478,CRM Won,ACC0066,P016,2024-10-20,61,9767247,595802066
ORD000262,Repeat,ACC0040,P004,2024-10-20,14,7088845,99243833
ORD000321,Repeat,ACC0048,P003,2024-10-21,16,5979255,95668088
ORD000599,CRM Won,ACC0065,P016,2024-10-22,117,11437875,1338231334
ORD000232,Repeat,ACC0037,P009,2024-10-23,41,1635836,67069288
ORD000359,Repeat,ACC0056,P017,2024-10-24,12,11298396,135580758
ORD000670,CRM Won,ACC0050,P009,2024-10-25,22,1736442,38201735
ORD000776,CRM Won,ACC0048,P009,2024-10-29,38,1701352,64651382
ORD000749,CRM Won,ACC0067,P013,2024-10-29,21,8548511,179518738
ORD000662,CRM Won,ACC0023,P015,2024-10-29,71,18740265,1330558819
ORD000062,Repeat,ACC0011,P011,2024-10-30,124,9361927,1160879025
ORD000042,Repeat,ACC0007,P006,2024-10-30,41,1447832,59361131
ORD000751,CRM Won,ACC0016,P001,2024-11-01,78,4301713,335533605
ORD000063,Repeat,ACC0011,P016,2024-11-03,11,10107815,111185971
ORD000007,Repeat,ACC0001,P009,2024-11-04,28,1678786,47006032
ORD000590,CRM Won,ACC0042,P017,2024-11-04,14,10630989,148833852
ORD000596,CRM Won,ACC0052,P009,2024-11-05,200,1643297,328659442
ORD000675,CRM Won,ACC0014,P011,2024-11-07,23,9242813,212584695
ORD000329,Repeat,ACC0049,P015,2024-11-09,7,17776906,124438343
ORD000520,CRM Won,ACC0038,P003,2024-11-12,77,5997061,461773729
ORD000025,Repeat,ACC0004,P003,2024-11-13,14,5756956,80597390
ORD000020,Repeat,ACC0003,P016,2024-11-13,32,10177424,325677599
ORD000539,CRM Won,ACC0005,P016,2024-11-14,45,9851720,443327411
ORD000509,CRM Won,ACC0020,P017,2024-11-14,16,11945210,191123362
ORD000790,CRM Won,ACC0036,P011,2024-11-15,29,9943228,288353616
ORD000330,Repeat,ACC0049,P014,2024-11-16,10,12828437,128284374
ORD000563,CRM Won,ACC0024,P006,2024-11-20,10,1383223,13832227
ORD000767,CRM Won,ACC0003,P013,2024-11-23,26,8483157,220562076
ORD000117,Repeat,ACC0020,P012,2024-11-23,23,3275787,75343108
ORD000338,Repeat,ACC0051,P017,2024-11-23,117,10755891,1258439363
ORD000211,Repeat,ACC0035,P007,2024-11-23,9,1994528,17950759
ORD000420,Repeat,ACC0066,P006,2024-11-24,11,1425231,15677551
ORD000452,CRM Won,ACC0003,P008,2024-11-26,25,2257930,56448259
ORD000299,Repeat,ACC0045,P008,2024-11-27,36,2330945,83914035
ORD000650,CRM Won,ACC0040,P011,2024-11-28,58,9151134,530765756
ORD000448,CRM Won,ACC0018,P006,2024-11-29,49,1521781,74567282
ORD000252,Repeat,ACC0039,P007,2024-11-30,14,1980150,27722112
ORD000284,Repeat,ACC0043,P004,2024-12-01,26,7179165,186658295
ORD000051,Repeat,ACC0009,P008,2024-12-01,31,2282751,70765300
ORD000285,Repeat,ACC0043,P004,2024-12-02,15,7212049,108180746
ORD000536,CRM Won,ACC0039,P013,2024-12-04,25,9754558,243863955
ORD000233,Repeat,ACC0037,P002,2024-12-05,11,4948595,54434553
ORD000367,Repeat,ACC0058,P006,2024-12-05,31,1457879,45194266
ORD000608,CRM Won,ACC0028,P003,2024-12-07,7,5763732,40346125
ORD000557,CRM Won,ACC0021,P003,2024-12-07,67,6289515,421397503
ORD000163,Repeat,ACC0027,P011,2024-12-08,97,9674261,938403413
ORD000162,Repeat,ACC0027,P002,2024-12-08,67,4901367,328391594
ORD000584,CRM Won,ACC0030,P012,2024-12-08,24,3459091,83018190
ORD000421,Repeat,ACC0066,P004,2024-12-10,6,7091788,42550730
ORD000322,Repeat,ACC0048,P003,2024-12-10,25,5969861,149246544
ORD000575,CRM Won,ACC0053,P006,2024-12-10,10,1306158,13061575
ORD000645,CRM Won,ACC0038,P003,2024-12-10,17,6404029,108868499
ORD000234,Repeat,ACC0037,P002,2024-12-10,33,5189684,171259579
ORD000111,Repeat,ACC0019,P006,2024-12-11,9,1482651,13343860
ORD000220,Repeat,ACC0036,P010,2024-12-11,14,2849192,39888699
ORD000043,Repeat,ACC0007,P001,2024-12-12,62,4007768,248481625
ORD000640,CRM Won,ACC0050,P011,2024-12-13,35,9997580,349915306
ORD000368,Repeat,ACC0058,P004,2024-12-17,37,7160839,264951048
ORD000827,CRM Won,ACC0030,P015,2024-12-17,24,17850373,428408943
ORD000823,CRM Won,ACC0030,P011,2024-12-17,5,9285368,46426838
ORD000164,Repeat,ACC0027,P012,2024-12-18,25,3081328,77033203
ORD000476,CRM Won,ACC0062,P014,2024-12-18,17,12062075,205055270
ORD000540,CRM Won,ACC0010,P009,2024-12-18,107,1608112,172068008
ORD000556,CRM Won,ACC0049,P016,2024-12-19,56,9542303,534368957
ORD000271,Repeat,ACC0041,P007,2024-12-19,25,1968558,49213958
ORD000235,Repeat,ACC0037,P002,2024-12-20,71,5119966,363517623
ORD000685,CRM Won,ACC0058,P007,2024-12-22,34,2027405,68931785
ORD000184,Repeat,ACC0031,P017,2024-12-23,90,11306563,1017590674
ORD000699,CRM Won,ACC0058,P005,2024-12-24,16,9767489,156279831
ORD000165,Repeat,ACC0027,P012,2024-12-24,91,3072990,279642142
ORD000642,CRM Won,ACC0040,P006,2024-12-25,64,1397320,89428502
ORD000097,Repeat,ACC0017,P012,2024-12-25,58,3267029,189487729
ORD000579,CRM Won,ACC0009,P014,2024-12-26,11,12118714,133305857
ORD000392,Repeat,ACC0061,P003,2024-12-26,14,5994405,83921683
ORD000072,Repeat,ACC0014,P004,2024-12-27,14,7455060,104370840
ORD000559,CRM Won,ACC0055,P007,2024-12-28,33,1985114,65508767
ORD000286,Repeat,ACC0043,P004,2024-12-28,18,7086253,127552558
ORD000190,Repeat,ACC0032,P012,2024-12-30,55,3279500,180372530
ORD000263,Repeat,ACC0040,P004,2024-12-30,17,7357100,125070700
ORD000627,CRM Won,ACC0030,P002,2024-12-31,16,4873696,77979130
ORD000073,Repeat,ACC0014,P010,2025-01-01,20,2884371,57687429
ORD000733,CRM Won,ACC0026,P003,2025-01-01,7,6258605,43810232
ORD000036,Repeat,ACC0006,P004,2025-01-01,36,7506344,270228395
ORD000652,CRM Won,ACC0063,P006,2025-01-03,75,1450980,108823470
ORD000339,Repeat,ACC0051,P002,2025-01-03,32,5231279,167400929
ORD000470,CRM Won,ACC0043,P014,2025-01-03,4,12228981,48915924
ORD000729,CRM Won,ACC0017,P004,2025-01-04,29,7681337,222758774
ORD000488,CRM Won,ACC0062,P004,2025-01-07,33,7731300,255132911
ORD000664,CRM Won,ACC0030,P008,2025-01-07,37,2332680,86309144
ORD000082,Repeat,ACC0015,P002,2025-01-07,51,5037196,256897000
ORD000503,CRM Won,ACC0040,P013,2025-01-07,102,8962989,914224904
ORD000287,Repeat,ACC0043,P002,2025-01-08,16,5011004,80176079
ORD000302,Repeat,ACC0046,P003,2025-01-08,199,5635571,1121478802
ORD000293,Repeat,ACC0044,P005,2025-01-08,15,8429422,126441332
ORD000112,Repeat,ACC0019,P005,2025-01-09,9,8754079,78786713
ORD000207,Repeat,ACC0034,P001,2025-01-10,114,4278964,487801943
ORD000472,CRM Won,ACC0048,P005,2025-01-11,9,8977368,80796315
ORD000191,Repeat,ACC0032,P013,2025-01-12,103,8921990,918965041
ORD000331,Repeat,ACC0049,P015,2025-01-14,12,18751337,225016052
ORD000385,Repeat,ACC0060,P005,2025-01-14,62,8197334,508234711
ORD000157,Repeat,ACC0026,P001,2025-01-14,26,4324321,112432367
ORD000475,CRM Won,ACC0012,P008,2025-01-14,8,2354863,18838906
ORD000056,Repeat,ACC0010,P012,2025-01-15,12,3257232,39086791
ORD000083,Repeat,ACC0015,P015,2025-01-16,15,17818072,267271081
ORD000264,Repeat,ACC0040,P004,2025-01-16,9,7601250,68411257
ORD000438,Repeat,ACC0069,P006,2025-01-18,132,1490851,196792404
ORD000450,CRM Won,ACC0031,P016,2025-01-18,38,10500015,399000565
ORD000346,Repeat,ACC0053,P002,2025-01-20,16,5135571,82169139
ORD000045,Repeat,ACC0008,P010,2025-01-20,18,2866773,51601924
ORD000434,Repeat,ACC0068,P004,2025-01-21,149,7233192,1077745650
ORD000098,Repeat,ACC0017,P012,2025-01-21,20,3218391,64367829
ORD000130,Repeat,ACC0022,P017,2025-01-22,49,10884755,533353013
ORD000788,CRM Won,ACC0070,P004,2025-01-26,89,8038519,715428201
ORD000648,CRM Won,ACC0033,P014,2025-01-26,136,12888073,1752777985
ORD000123,Repeat,ACC0021,P006,2025-01-26,11,1461217,16073393
ORD000531,CRM Won,ACC0049,P016,2025-01-26,21,9640897,202458843
ORD000743,CRM Won,ACC0021,P017,2025-01-27,35,11780860,412330084
ORD000131,Repeat,ACC0022,P008,2025-01-27,11,2264656,24911225
ORD000809,CRM Won,ACC0024,P001,2025-01-28,1,4754961,4754961
ORD000819,CRM Won,ACC0015,P003,2025-01-28,18,6050056,108901002
ORD000504,CRM Won,ACC0062,P004,2025-01-28,42,8290939,348219449
ORD000272,Repeat,ACC0041,P008,2025-01-28,15,2248793,33731908
ORD000591,CRM Won,ACC0068,P015,2025-01-29,6,16572117,99432702
ORD000198,Repeat,ACC0033,P007,2025-01-30,36,1999829,71993877
ORD000721,CRM Won,ACC0027,P006,2025-02-01,75,1640846,123063445
ORD000691,CRM Won,ACC0035,P012,2025-02-03,29,3248934,94219091
ORD000683,CRM Won,ACC0020,P004,2025-02-03,11,7745548,85201031
ORD000008,Repeat,ACC0001,P005,2025-02-04,22,8178740,179932281
ORD000513,CRM Won,ACC0052,P002,2025-02-04,14,5132958,71861419
ORD000037,Repeat,ACC0006,P004,2025-02-05,16,7231669,115706712
ORD000241,Repeat,ACC0038,P004,2025-02-05,39,7254012,282906487
ORD000714,CRM Won,ACC0010,P003,2025-02-06,183,5812438,1063676165
ORD000730,CRM Won,ACC0067,P009,2025-02-07,55,1719749,94586211
ORD000407,Repeat,ACC0065,P005,2025-02-08,31,8311897,257668812
ORD000439,Repeat,ACC0069,P006,2025-02-09,71,1408856,100028818
ORD000084,Repeat,ACC0015,P015,2025-02-11,37,17996734,665879183
ORD000376,Repeat,ACC0059,P003,2025-02-12,49,5955315,291810482
ORD000242,Repeat,ACC0038,P006,2025-02-13,25,1383103,34577592
ORD000104,Repeat,ACC0018,P003,2025-02-13,7,5943159,41602113
ORD000064,Repeat,ACC0011,P016,2025-02-16,78,10099927,787794345
ORD000377,Repeat,ACC0059,P009,2025-02-17,41,1626381,66681647
ORD000085,Repeat,ACC0015,P002,2025-02-18,10,5041016,50410167
ORD000253,Repeat,ACC0039,P007,2025-02-18,5,2003871,10019358
ORD000490,CRM Won,ACC0047,P017,2025-02-19,11,11686206,128548265
ORD000479,CRM Won,ACC0065,P015,2025-02-19,43,20200211,868609088
ORD000192,Repeat,ACC0032,P015,2025-02-24,39,18924645,738061165
ORD000199,Repeat,ACC0033,P002,2025-02-26,20,4935909,98718189
ORD000254,Repeat,ACC0039,P002,2025-02-27,17,4994068,84899157
ORD000760,CRM Won,ACC0030,P003,2025-02-28,13,5785636,75213272
ORD000500,CRM Won,ACC0039,P002,2025-03-04,31,4558903,141325999
ORD000643,CRM Won,ACC0011,P016,2025-03-05,48,9465453,454341746
ORD000449,CRM Won,ACC0005,P010,2025-03-06,11,3213682,35350498
ORD000547,CRM Won,ACC0013,P003,2025-03-10,182,5989169,1090028792
ORD000614,CRM Won,ACC0002,P017,2025-03-12,39,11148365,434786229
ORD000046,Repeat,ACC0008,P016,2025-03-13,17,9675700,164486904
ORD000086,Repeat,ACC0015,P015,2025-03-14,41,18339426,751916498
ORD000659,CRM Won,ACC0048,P013,2025-03-15,14,9766431,136730029
ORD000692,CRM Won,ACC0054,P008,2025-03-15,7,2278299,15948094
ORD000674,CRM Won,ACC0058,P005,2025-03-15,53,9379327,497104340
ORD000200,Repeat,ACC0033,P007,2025-03-17,183,1867351,341725332
ORD000787,CRM Won,ACC0062,P006,2025-03-17,50,1369811,68490572
ORD000512,CRM Won,ACC0004,P014,2025-03-18,24,11433794,274411044
ORD000555,CRM Won,ACC0050,P017,2025-03-18,15,10605715,159085730
ORD000538,CRM Won,ACC0039,P008,2025-03-20,12,2113918,25367019
ORD000634,CRM Won,ACC0033,P005,2025-03-22,6,8756521,52539124
ORD000687,CRM Won,ACC0021,P007,2025-03-22,29,2046701,59354326
ORD000723,CRM Won,ACC0033,P005,2025-03-22,22,8467061,186275346
ORD000598,CRM Won,ACC0040,P014,2025-03-22,12,12619412,151432946
ORD000651,CRM Won,ACC0019,P007,2025-03-23,10,1962949,19629492
ORD000429,Repeat,ACC0067,P014,2025-03-23,17,12532533,213053069
ORD000386,Repeat,ACC0060,P009,2025-03-24,64,1600536,102434340
ORD000323,Repeat,ACC0048,P014,2025-03-26,20,12553387,251067742
ORD000221,Repeat,ACC0036,P006,2025-03-26,23,1447949,33302848
ORD000222,Repeat,ACC0036,P006,2025-03-26,41,1440195,59048008
ORD000573,CRM Won,ACC0050,P001,2025-03-27,13,4118242,53537148
ORD000166,Repeat,ACC0027,P012,2025-03-27,27,3109563,83958219
ORD000739,CRM Won,ACC0021,P012,2025-03-28,27,2829747,76403166
ORD000176,Repeat,ACC0029,P003,2025-03-31,46,5819343,267689821
ORD000752,CRM Won,ACC0018,P013,2025-04-01,10,8064214,80642145
ORD000347,Repeat,ACC0053,P010,2025-04-01,26,2999013,77974362
ORD000430,Repeat,ACC0067,P006,2025-04-02,29,1487860,43147962
ORD000223,Repeat,ACC0036,P006,2025-04-02,24,1400553,33613290
ORD000613,CRM Won,ACC0035,P010,2025-04-03,63,2655904,167321959
ORD000038,Repeat,ACC0006,P012,2025-04-03,5,3058485,15292428
ORD000530,CRM Won,ACC0068,P004,2025-04-03,26,7608673,197825500
ORD000620,CRM Won,ACC0041,P013,2025-04-04,26,10045677,261187612
ORD000657,CRM Won,ACC0001,P005,2025-04-05,25,8481585,212039634
ORD000348,Repeat,ACC0053,P010,2025-04-05,28,3031442,84880398
ORD000177,Repeat,ACC0030,P001,2025-04-07,15,4048330,60724963
ORD000774,CRM Won,ACC0027,P007,2025-04-07,24,1917699,46024785
ORD000132,Repeat,ACC0022,P017,2025-04-07,59,11492214,678040636
ORD000532,CRM Won,ACC0041,P015,2025-04-08,12,18096938,217163251
ORD000791,CRM Won,ACC0043,P001,2025-04-08,7,4689947,32829626
ORD000564,CRM Won,ACC0062,P007,2025-04-09,15,1830368,27455522
ORD000105,Repeat,ACC0018,P016,2025-04-09,10,9738910,97389105
ORD000820,CRM Won,ACC0026,P013,2025-04-09,32,9598279,307144915
ORD000546,CRM Won,ACC0047,P004,2025-04-11,9,7299694,65697247
ORD000583,CRM Won,ACC0067,P015,2025-04-13,117,17639626,2063836258
ORD000431,Repeat,ACC0067,P014,2025-04-14,19,12532095,238109810
ORD000588,CRM Won,ACC0002,P013,2025-04-16,9,8963915,80675235
ORD000609,CRM Won,ACC0016,P004,2025-04-16,47,8022186,377042742
ORD000212,Repeat,ACC0035,P003,2025-04-16,14,6031910,84446748
ORD000501,CRM Won,ACC0065,P017,2025-04-18,12,10433150,125197799
ORD000118,Repeat,ACC0020,P012,2025-04-18,21,3211669,67445058
ORD000178,Repeat,ACC0030,P001,2025-04-21,26,4019177,104498606
ORD000273,Repeat,ACC0041,P008,2025-04-21,35,2404806,84168221
ORD000069,Repeat,ACC0013,P012,2025-04-21,11,3130921,34440135
ORD000799,CRM Won,ACC0047,P009,2025-04-24,31,1776950,55085452
ORD000013,Repeat,ACC0002,P009,2025-04-26,93,1607678,149514127
ORD000669,CRM Won,ACC0067,P016,2025-04-27,13,11110325,144434221
ORD000279,Repeat,ACC0042,P014,2025-04-27,13,12432729,161625489
ORD000146,Repeat,ACC0024,P001,2025-04-27,35,4211164,147390759
ORD000243,Repeat,ACC0038,P003,2025-04-27,36,5791765,208503542
ORD000208,Repeat,ACC0034,P001,2025-04-30,94,4246818,399200968
ORD000757,CRM Won,ACC0062,P007,2025-05-01,70,2043370,143035887
ORD000534,CRM Won,ACC0028,P013,2025-05-02,2,9576036,19152071
ORD000519,CRM Won,ACC0035,P014,2025-05-02,26,13374168,347728372
ORD000711,CRM Won,ACC0012,P008,2025-05-02,17,2148545,36525268
ORD000274,Repeat,ACC0041,P010,2025-05-03,12,2879526,34554320
ORD000074,Repeat,ACC0014,P015,2025-05-03,8,18705478,149643831
ORD000369,Repeat,ACC0058,P006,2025-05-05,63,1411287,88911134
ORD000138,Repeat,ACC0023,P014,2025-05-05,23,12676706,291564240
ORD000332,Repeat,ACC0049,P005,2025-05-05,18,8306766,149521801
ORD000065,Repeat,ACC0011,P016,2025-05-05,40,9887821,395512860
ORD000822,CRM Won,ACC0053,P002,2025-05-05,104,5328337,554147028
ORD000656,CRM Won,ACC0012,P001,2025-05-06,3,4566934,13700802
ORD000029,Repeat,ACC0005,P008,2025-05-06,14,2417566,33845924
ORD000581,CRM Won,ACC0060,P001,2025-05-07,58,3750139,217508035
ORD000707,CRM Won,ACC0007,P009,2025-05-08,7,1601724,11212065
ORD000401,Repeat,ACC0063,P011,2025-05-08,77,9755204,751150766
ORD000697,CRM Won,ACC0050,P004,2025-05-10,16,7626245,122019914
ORD000139,Repeat,ACC0023,P014,2025-05-10,11,12403790,136441693
ORD000496,CRM Won,ACC0005,P010,2025-05-10,17,2673384,45447531
ORD000014,Repeat,ACC0002,P008,2025-05-11,47,2274556,106904162
ORD000824,CRM Won,ACC0021,P004,2025-05-12,25,8392695,209817382
ORD000808,CRM Won,ACC0005,P010,2025-05-12,40,2925899,117035976
ORD000140,Repeat,ACC0023,P014,2025-05-13,16,12143602,194297633
ORD000151,Repeat,ACC0025,P003,2025-05-14,30,5726056,171781683
ORD000489,CRM Won,ACC0033,P005,2025-05-15,72,8927449,642776342
ORD000480,CRM Won,ACC0005,P017,2025-05-16,68,11317787,769609499
ORD000397,Repeat,ACC0062,P002,2025-05-19,12,4849336,58192032
ORD000582,CRM Won,ACC0032,P004,2025-05-20,10,7823701,78237014
ORD000773,CRM Won,ACC0059,P005,2025-05-22,71,7950451,564481988
ORD000255,Repeat,ACC0039,P007,2025-05-24,27,1921661,51884871
ORD000443,Repeat,ACC0070,P016,2025-05-24,43,10171472,437373308
ORD000256,Repeat,ACC0039,P017,2025-05-28,12,11564025,138768303
ORD000705,CRM Won,ACC0049,P002,2025-05-29,20,5101428,102028558
ORD000497,CRM Won,ACC0012,P014,2025-05-29,12,13518199,162218393
ORD000447,CRM Won,ACC0016,P016,2025-05-30,51,9331965,475930238
ORD000119,Repeat,ACC0020,P012,2025-05-31,13,3274365,42566753
ORD000185,Repeat,ACC0031,P016,2025-05-31,100,9618073,961807376
ORD000644,CRM Won,ACC0070,P004,2025-05-31,15,7452136,111782047
ORD000047,Repeat,ACC0008,P010,2025-06-01,63,2916677,183750697
ORD000167,Repeat,ACC0027,P012,2025-06-02,11,3056791,33624706
ORD000201,Repeat,ACC0033,P007,2025-06-03,26,1865619,48506105
ORD000638,CRM Won,ACC0047,P005,2025-06-03,26,9041974,235091327
ORD000543,CRM Won,ACC0008,P007,2025-06-06,29,2003620,58104979
ORD000120,Repeat,ACC0020,P012,2025-06-07,12,3177423,38129077
ORD000701,CRM Won,ACC0020,P003,2025-06-07,55,5568852,306286870
ORD000765,CRM Won,ACC0018,P001,2025-06-08,142,4833441,686348620
ORD000066,Repeat,ACC0012,P008,2025-06-09,119,2322506,276378269
ORD000592,CRM Won,ACC0009,P008,2025-06-09,44,2373464,104432405
ORD000686,CRM Won,ACC0044,P012,2025-06-09,17,2984629,50738694
ORD000647,CRM Won,ACC0049,P014,2025-06-09,35,12592751,440746270
ORD000280,Repeat,ACC0042,P014,2025-06-11,25,12400153,310003826
ORD000680,CRM Won,ACC0007,P010,2025-06-14,13,2973049,38649632
ORD000265,Repeat,ACC0040,P001,2025-06-14,11,4300649,47307144
ORD000510,CRM Won,ACC0069,P009,2025-06-14,7,1531614,10721297
ORD000580,CRM Won,ACC0011,P001,2025-06-15,27,4103004,110781096
ORD000491,CRM Won,ACC0008,P017,2025-06-16,58,10806999,626805969
ORD000655,CRM Won,ACC0038,P007,2025-06-16,10,1726054,17260540
ORD000623,CRM Won,ACC0017,P016,2025-06-17,20,10930831,218616617
ORD000505,CRM Won,ACC0037,P007,2025-06-17,58,1944764,112796287
ORD000244,Repeat,ACC0038,P006,2025-06-18,24,1426805,34243338
ORD000713,CRM Won,ACC0010,P003,2025-06-20,12,6305556,75666668
ORD000772,CRM Won,ACC0023,P002,2025-06-20,44,4533690,199482350
ORD000522,CRM Won,ACC0035,P013,2025-06-20,46,8405313,386644395
ORD000281,Repeat,ACC0042,P014,2025-06-21,7,12494118,87458827
ORD000099,Repeat,ACC0017,P012,2025-06-21,50,3151997,157599855
ORD000236,Repeat,ACC0037,P007,2025-06-24,24,1856500,44556002
ORD000571,CRM Won,ACC0062,P003,2025-06-24,67,6460658,432864116
ORD000444,Repeat,ACC0070,P010,2025-06-24,112,2998123,335789859
ORD000451,CRM Won,ACC0025,P017,2025-06-27,81,10661077,863547232
ORD000615,CRM Won,ACC0046,P002,2025-06-29,23,5154137,118545140
ORD000422,Repeat,ACC0066,P004,2025-06-29,17,7034172,119580940
ORD000408,Repeat,ACC0065,P015,2025-07-01,13,17683033,229879434
ORD000445,Repeat,ACC0070,P010,2025-07-01,19,2842200,54001808
ORD000630,CRM Won,ACC0064,P005,2025-07-02,31,8824523,273560209
ORD000499,CRM Won,ACC0013,P012,2025-07-03,11,3296585,36262439
ORD000695,CRM Won,ACC0020,P003,2025-07-03,49,6023764,295164457
ORD000731,CRM Won,ACC0015,P012,2025-07-05,7,3569187,24984307
ORD000423,Repeat,ACC0066,P004,2025-07-07,19,7237919,137520473
ORD000759,CRM Won,ACC0053,P004,2025-07-07,27,7223431,195032630
ORD000378,Repeat,ACC0059,P006,2025-07-08,40,1441972,57678904
ORD000636,CRM Won,ACC0021,P015,2025-07-08,23,16398292,377160706
ORD000826,CRM Won,ACC0015,P012,2025-07-09,29,3326916,96480565
ORD000168,Repeat,ACC0027,P002,2025-07-11,14,5214985,73009802
ORD000179,Repeat,ACC0030,P017,2025-07-12,32,11353792,363321363
ORD000398,Repeat,ACC0062,P012,2025-07-12,9,3179257,28613314
ORD000706,CRM Won,ACC0048,P011,2025-07-13,59,9866813,582141946
ORD000603,CRM Won,ACC0035,P004,2025-07-13,12,8253003,99036039
ORD000668,CRM Won,ACC0066,P002,2025-07-14,47,4819567,226519670
ORD000288,Repeat,ACC0043,P012,2025-07-15,18,3193300,57479402
ORD000213,Repeat,ACC0035,P007,2025-07-17,16,1944471,31111537
ORD000700,CRM Won,ACC0038,P015,2025-07-19,38,18511804,703448547
ORD000631,CRM Won,ACC0009,P009,2025-07-19,3,1521412,4564237
ORD000769,CRM Won,ACC0034,P011,2025-07-19,30,8849809,265494265
ORD000570,CRM Won,ACC0021,P008,2025-07-19,15,2082494,31237407
ORD000026,Repeat,ACC0004,P012,2025-07-20,32,3144726,100631256
ORD000477,CRM Won,ACC0049,P003,2025-07-20,58,6514959,377867623
ORD000720,CRM Won,ACC0008,P003,2025-07-23,12,6322391,75868692
ORD000370,Repeat,ACC0058,P014,2025-07-23,27,12851162,346981386
ORD000349,Repeat,ACC0053,P008,2025-07-24,12,2253870,27046449
ORD000303,Repeat,ACC0046,P010,2025-07-26,205,2845316,583289847
ORD000666,CRM Won,ACC0019,P009,2025-07-26,19,1572697,29881241
ORD000709,CRM Won,ACC0039,P006,2025-07-27,30,1545773,46373200
ORD000202,Repeat,ACC0033,P002,2025-07-27,55,5250958,288802696
ORD000424,Repeat,ACC0066,P012,2025-07-27,12,3247271,38967253
ORD000649,CRM Won,ACC0048,P003,2025-07-28,66,5439350,358997088
ORD000214,Repeat,ACC0035,P003,2025-07-29,8,5778899,46231198
ORD000075,Repeat,ACC0014,P004,2025-07-31,22,7099969,156199333
ORD000483,CRM Won,ACC0058,P017,2025-08-01,46,10508329,483383130
ORD000048,Repeat,ACC0008,P010,2025-08-03,47,2807519,131953401
ORD000180,Repeat,ACC0030,P017,2025-08-04,27,10775155,290929204
ORD000457,CRM Won,ACC0019,P011,2025-08-06,71,9795388,695472539
ORD000224,Repeat,ACC0036,P016,2025-08-06,30,9932270,297968103
ORD000597,CRM Won,ACC0023,P008,2025-08-07,7,2321504,16250525
ORD000203,Repeat,ACC0033,P003,2025-08-09,36,5975909,215132745
ORD000737,CRM Won,ACC0020,P001,2025-08-09,43,4288462,184403875
ORD000482,CRM Won,ACC0038,P011,2025-08-09,35,9935935,347757718
ORD000245,Repeat,ACC0038,P006,2025-08-10,79,1482166,117091133
ORD000106,Repeat,ACC0018,P017,2025-08-12,17,10875501,184883533
ORD000225,Repeat,ACC0036,P010,2025-08-13,14,2871416,40199834
ORD000409,Repeat,ACC0065,P015,2025-08-13,68,18722831,1273152552
ORD000052,Repeat,ACC0009,P011,2025-08-14,29,9551087,276981532
ORD000410,Repeat,ACC0065,P004,2025-08-14,34,7419177,252252037
ORD000796,CRM Won,ACC0050,P007,2025-08-15,55,2095171,115234390
ORD000800,CRM Won,ACC0008,P010,2025-08-16,123,2827878,347829040
ORD000602,CRM Won,ACC0002,P009,2025-08-18,12,1626137,19513640
ORD000722,CRM Won,ACC0067,P014,2025-08-20,41,11529532,472710831
ORD000676,CRM Won,ACC0005,P008,2025-08-21,104,2313331,240586434
ORD000310,Repeat,ACC0047,P012,2025-08-22,31,3047766,94480758
ORD000541,CRM Won,ACC0005,P016,2025-08-23,9,10285703,92571328
ORD000030,Repeat,ACC0005,P014,2025-08-23,29,12220453,354393145
ORD000628,CRM Won,ACC0007,P013,2025-08-24,38,9298316,353336003
ORD000226,Repeat,ACC0036,P016,2025-08-24,28,10333803,289346492
ORD000677,CRM Won,ACC0060,P013,2025-08-24,47,9559879,449314328
ORD000300,Repeat,ACC0045,P007,2025-08-25,76,1968071,149573421
ORD000100,Repeat,ACC0017,P016,2025-08-25,34,10008412,340286011
ORD000495,CRM Won,ACC0068,P006,2025-08-25,42,1586541,66634738
ORD000798,CRM Won,ACC0034,P017,2025-08-26,20,10712780,214255593
ORD000057,Repeat,ACC0010,P012,2025-08-26,21,3182570,66833971
ORD000486,CRM Won,ACC0028,P012,2025-08-26,20,3239650,64792997
ORD000589,CRM Won,ACC0033,P005,2025-08-26,29,9580575,277836667
ORD000806,CRM Won,ACC0054,P016,2025-08-29,3,10092551,30277653
ORD000690,CRM Won,ACC0059,P010,2025-09-02,5,2940683,14703416
ORD000626,CRM Won,ACC0030,P003,2025-09-02,15,5926362,88895428
ORD000101,Repeat,ACC0017,P016,2025-09-03,83,10039080,833243687
ORD000360,Repeat,ACC0056,P017,2025-09-03,20,11377676,227553522
ORD000058,Repeat,ACC0010,P015,2025-09-03,10,17842323,178423237
ORD000324,Repeat,ACC0048,P003,2025-09-07,23,5808854,133603649
ORD000181,Repeat,ACC0030,P011,2025-09-09,31,10060840,311886047
ORD000562,CRM Won,ACC0069,P016,2025-09-10,25,9887669,247191735
ORD000460,CRM Won,ACC0051,P007,2025-09-12,134,2008117,269087626
ORD000654,CRM Won,ACC0016,P009,2025-09-12,26,1605927,41754102
ORD000350,Repeat,ACC0053,P010,2025-09-14,40,3010822,120432883
ORD000464,CRM Won,ACC0066,P012,2025-09-15,19,3204096,60877817
ORD000227,Repeat,ACC0036,P006,2025-09-15,44,1409460,62016240
ORD000147,Repeat,ACC0024,P016,2025-09-16,174,10135169,1763519560
ORD000459,CRM Won,ACC0019,P007,2025-09-17,7,1910629,13374401
ORD000237,Repeat,ACC0037,P009,2025-09-18,112,1657067,185591605
ORD000411,Repeat,ACC0065,P004,2025-09-21,42,7466184,313579752
ORD000107,Repeat,ACC0018,P016,2025-09-21,11,9969061,109659680
ORD000804,CRM Won,ACC0065,P010,2025-09-23,58,2913589,168988155
ORD000311,Repeat,ACC0047,P009,2025-09-23,26,1675336,43558746
ORD000454,CRM Won,ACC0047,P010,2025-09-24,34,2981048,101355638
ORD000763,CRM Won,ACC0020,P010,2025-09-24,7,3194169,22359184
ORD000771,CRM Won,ACC0027,P001,2025-09-25,7,4130583,28914083
ORD000507,CRM Won,ACC0019,P010,2025-09-27,17,3051617,51877495
ORD000141,Repeat,ACC0023,P012,2025-09-27,46,3179895,146275198
ORD000124,Repeat,ACC0021,P006,2025-09-28,23,1455893,33485553
ORD000633,CRM Won,ACC0040,P017,2025-09-28,11,11111536,122226894
ORD000152,Repeat,ACC0025,P003,2025-09-29,28,5907617,165413281
ORD000458,CRM Won,ACC0064,P004,2025-09-29,70,7695871,538710984
ORD000113,Repeat,ACC0019,P003,2025-09-30,13,5867103,76272346
ORD000658,CRM Won,ACC0012,P012,2025-09-30,37,3170424,117305701
ORD000502,CRM Won,ACC0038,P017,2025-10-01,49,10524104,515681108
ORD000294,Repeat,ACC0044,P008,2025-10-01,22,2235277,49176100
ORD000605,CRM Won,ACC0064,P002,2025-10-02,2,4964913,9929826
ORD000125,Repeat,ACC0021,P014,2025-10-03,24,12782769,306786474
ORD000586,CRM Won,ACC0016,P013,2025-10-04,20,9530998,190619963
ORD000076,Repeat,ACC0014,P015,2025-10-04,25,18668009,466700245
ORD000379,Repeat,ACC0059,P009,2025-10-05,25,1643983,41099591
ORD000342,Repeat,ACC0052,P005,2025-10-05,19,8378320,159188087
ORD000487,CRM Won,ACC0058,P009,2025-10-05,25,1739420,43485492
ORD000754,CRM Won,ACC0015,P005,2025-10-08,22,8981659,197596497
ORD000468,CRM Won,ACC0064,P010,2025-10-08,8,2873285,22986281
ORD000795,CRM Won,ACC0058,P016,2025-10-10,6,10098423,60590540
ORD000535,CRM Won,ACC0040,P004,2025-10-11,14,7384656,103385181
ORD000574,CRM Won,ACC0039,P016,2025-10-13,14,9919177,138868473
ORD000257,Repeat,ACC0039,P017,2025-10-13,17,11366111,193223901
ORD000380,Repeat,ACC0059,P006,2025-10-16,55,1404842,77266350
ORD000742,CRM Won,ACC0024,P004,2025-10-16,3,7191285,21573856
ORD000471,CRM Won,ACC0052,P014,2025-10-17,110,13088526,1439737807
ORD000387,Repeat,ACC0060,P005,2025-10-18,29,8204612,237933763
ORD000718,CRM Won,ACC0049,P001,2025-10-18,33,4339584,143206277
ORD000724,CRM Won,ACC0051,P012,2025-10-19,7,3130715,21915007
ORD000333,Repeat,ACC0049,P014,2025-10-19,11,11942099,131363091
ORD000246,Repeat,ACC0038,P004,2025-10-20,104,7588847,789240097
ORD000388,Repeat,ACC0060,P009,2025-10-20,64,1675274,107217585
ORD000807,CRM Won,ACC0012,P006,2025-10-21,16,1504837,24077394
ORD000688,CRM Won,ACC0061,P003,2025-10-22,31,5585552,173152121
ORD000093,Repeat,ACC0016,P012,2025-10-23,19,3227542,61323308
ORD000821,CRM Won,ACC0043,P011,2025-10-23,45,9957172,448072757
ORD000494,CRM Won,ACC0061,P015,2025-10-24,2,20337078,40674156
ORD000762,CRM Won,ACC0019,P001,2025-10-24,24,4604176,110500219
ORD000775,CRM Won,ACC0011,P002,2025-10-27,13,4617382,60025961
ORD000133,Repeat,ACC0022,P013,2025-10-29,103,9227534,950436060
ORD000169,Repeat,ACC0027,P002,2025-10-29,26,4847653,126038998
ORD000312,Repeat,ACC0047,P012,2025-10-29,13,3054940,39714225
ORD000803,CRM Won,ACC0022,P014,2025-10-29,21,13744226,288628755
ORD000247,Repeat,ACC0038,P004,2025-10-30,34,7040828,239388174
ORD000049,Repeat,ACC0008,P016,2025-11-01,39,9954436,388223028
ORD000021,Repeat,ACC0003,P016,2025-11-01,11,10389348,114282833
ORD000607,CRM Won,ACC0043,P004,2025-11-01,67,6971591,467096571
ORD000381,Repeat,ACC0059,P009,2025-11-01,21,1629101,34211129
ORD000667,CRM Won,ACC0014,P004,2025-11-01,60,8037618,482257069
ORD000193,Repeat,ACC0032,P012,2025-11-02,16,3107220,49715523
ORD000108,Repeat,ACC0018,P017,2025-11-02,19,11610439,220598354
ORD000031,Repeat,ACC0005,P003,2025-11-03,11,5865985,64525837
ORD000077,Repeat,ACC0014,P015,2025-11-05,11,17601892,193620816
ORD000782,CRM Won,ACC0019,P017,2025-11-06,8,11253450,90027603
ORD000126,Repeat,ACC0021,P014,2025-11-06,11,12723570,139959271
ORD000542,CRM Won,ACC0066,P002,2025-11-06,33,4773809,157535704
ORD000814,CRM Won,ACC0010,P004,2025-11-08,21,8106754,170241826
ORD000792,CRM Won,ACC0061,P011,2025-11-08,27,9573056,258472519
ORD000153,Repeat,ACC0025,P003,2025-11-09,107,5967346,638506096
ORD000382,Repeat,ACC0059,P009,2025-11-09,53,1570116,83216190
ORD000456,CRM Won,ACC0070,P001,2025-11-10,30,3815436,114463082
ORD000548,CRM Won,ACC0062,P001,2025-11-11,64,4043887,258808758
ORD000142,Repeat,ACC0023,P012,2025-11-12,36,3093482,111365364
ORD000617,CRM Won,ACC0021,P012,2025-11-12,24,2989820,71755684
ORD000015,Repeat,ACC0002,P007,2025-11-13,14,1953350,27346910
ORD000818,CRM Won,ACC0027,P007,2025-11-13,6,2152451,12914704
ORD000529,CRM Won,ACC0059,P004,2025-11-13,6,7388822,44332930
ORD000511,CRM Won,ACC0067,P013,2025-11-13,36,9442652,339935471
ORD000295,Repeat,ACC0044,P005,2025-11-16,20,8314634,166292686
ORD000032,Repeat,ACC0005,P003,2025-11-16,19,5955804,113160287
ORD000764,CRM Won,ACC0060,P017,2025-11-18,28,11120640,311377908
ORD000361,Repeat,ACC0057,P007,2025-11-19,63,2000441,126027796
ORD000610,CRM Won,ACC0046,P009,2025-11-19,84,1839633,154529179
ORD000585,CRM Won,ACC0055,P009,2025-11-21,12,1834569,22014826
ORD000094,Repeat,ACC0016,P012,2025-11-21,19,3203423,60865047
ORD000314,Repeat,ACC0047,P004,2025-11-22,42,7323217,307575122
ORD000432,Repeat,ACC0067,P006,2025-11-22,16,1397403,22358461
ORD000565,CRM Won,ACC0061,P017,2025-11-22,54,10965205,592121078
ORD000313,Repeat,ACC0047,P012,2025-11-22,34,3082532,104806120
ORD000552,CRM Won,ACC0021,P015,2025-11-23,53,17954827,951605815
ORD000371,Repeat,ACC0058,P006,2025-11-23,12,1393260,16719129
ORD000248,Repeat,ACC0038,P006,2025-11-25,40,1426109,57044365
ORD000812,CRM Won,ACC0009,P010,2025-11-26,16,2759525,44152405
ORD000750,CRM Won,ACC0040,P003,2025-11-27,351,5825996,2044924629
ORD000059,Repeat,ACC0010,P012,2025-11-27,18,3239389,58309004
ORD000266,Repeat,ACC0040,P001,2025-11-27,10,4173479,41734792
ORD000508,CRM Won,ACC0021,P002,2025-11-28,22,5442005,119724118
ORD000578,CRM Won,ACC0070,P012,2025-11-28,19,3097886,58859828
ORD000639,CRM Won,ACC0003,P006,2025-11-29,20,1313917,26278337
ORD000204,Repeat,ACC0033,P002,2025-11-29,14,5228197,73194768
ORD000467,CRM Won,ACC0042,P002,2025-11-29,179,4835094,865481900
ORD000672,CRM Won,ACC0030,P014,2025-11-29,3,12874865,38624595
ORD000022,Repeat,ACC0003,P014,2025-12-01,15,12317888,184768331
ORD000087,Repeat,ACC0015,P002,2025-12-03,18,5206876,93723770
ORD000708,CRM Won,ACC0032,P009,2025-12-03,23,1582701,36402129
ORD000594,CRM Won,ACC0040,P006,2025-12-04,29,1437077,41675234
ORD000009,Repeat,ACC0001,P001,2025-12-06,124,4286261,531496394
ORD000715,CRM Won,ACC0039,P004,2025-12-06,16,7512970,120207521
ORD000114,Repeat,ACC0019,P005,2025-12-07,8,8309327,66474622
ORD000182,Repeat,ACC0030,P001,2025-12-07,41,4137297,169629200
ORD000446,Repeat,ACC0070,P016,2025-12-08,9,9867487,88807389
ORD000228,Repeat,ACC0036,P006,2025-12-08,18,1411843,25413189
ORD000258,Repeat,ACC0039,P007,2025-12-08,17,1988390,33802634
ORD000296,Repeat,ACC0044,P008,2025-12-08,19,2314436,43974297
ORD000362,Repeat,ACC0057,P016,2025-12-08,29,9743659,282566130
ORD000229,Repeat,ACC0036,P016,2025-12-09,27,10352490,279517249
ORD000612,CRM Won,ACC0016,P009,2025-12-13,48,1501492,72071599
ORD000267,Repeat,ACC0040,P001,2025-12-13,10,4279279,42792797
ORD000748,CRM Won,ACC0013,P011,2025-12-14,5,9306893,46534466
ORD000171,Repeat,ACC0028,P007,2025-12-16,62,1968019,122017191
ORD000719,CRM Won,ACC0035,P009,2025-12-16,39,1521538,59340000
ORD000186,Repeat,ACC0031,P017,2025-12-17,99,10776392,1066862881
ORD000780,CRM Won,ACC0011,P002,2025-12-17,24,5003834,120092028
ORD000215,Repeat,ACC0035,P007,2025-12-18,15,1888763,28331455
ORD000527,CRM Won,ACC0056,P011,2025-12-18,304,9396711,2856600239
ORD000259,Repeat,ACC0039,P017,2025-12-18,11,11136678,122503463
ORD000440,Repeat,ACC0069,P006,2025-12-18,82,1384383,113519457
ORD000566,CRM Won,ACC0057,P007,2025-12-18,114,1914568,218260754
ORD000183,Repeat,ACC0030,P001,2025-12-18,13,4085775,53115086
ORD000143,Repeat,ACC0023,P007,2025-12-19,9,1948923,17540312
ORD000354,Repeat,ACC0055,P009,2025-12-20,379,1694584,642247643
ORD000088,Repeat,ACC0015,P010,2025-12-20,34,2813960,95674650
ORD000194,Repeat,ACC0032,P015,2025-12-21,12,17579661,210955932
ORD000601,CRM Won,ACC0065,P013,2025-12-21,12,8549135,102589618
ORD000039,Repeat,ACC0006,P004,2025-12-21,11,7547681,83024498
ORD000351,Repeat,ACC0053,P002,2025-12-21,39,4889952,190708158
ORD000172,Repeat,ACC0028,P011,2025-12-21,210,9563939,2008427233
ORD000393,Repeat,ACC0061,P003,2025-12-21,10,5996843,59968435
ORD000616,CRM Won,ACC0021,P009,2025-12-22,19,1671642,31761195
ORD000016,Repeat,ACC0002,P008,2025-12-22,67,2352258,157601306
ORD000678,CRM Won,ACC0007,P008,2025-12-22,7,2342792,16399541
ORD000383,Repeat,ACC0059,P006,2025-12-22,17,1453455,24708751
ORD000304,Repeat,ACC0046,P012,2025-12-23,17,3268869,55570776
ORD000297,Repeat,ACC0044,P008,2025-12-23,25,2319447,57986190
ORD000622,CRM Won,ACC0055,P011,2025-12-24,4,8500804,34003218
ORD000671,CRM Won,ACC0004,P002,2025-12-25,113,5429595,613544237
ORD000389,Repeat,ACC0060,P005,2025-12-25,118,8480195,1000663049
ORD000625,CRM Won,ACC0041,P006,2025-12-26,85,1571554,133582071
ORD000372,Repeat,ACC0058,P006,2025-12-27,18,1493025,26874457
ORD000053,Repeat,ACC0009,P003,2025-12-27,42,5773845,242501498
ORD000797,CRM Won,ACC0045,P008,2025-12-29,28,2319987,64959623
ORD000766,CRM Won,ACC0036,P008,2025-12-30,24,2365898,56781561
ORD000384,Repeat,ACC0059,P006,2025-12-30,63,1382216,87079630
